{
  "n_basins": 20,
  "noise_std": 0.05,
  "seed": 42,
  "tier_counts": {
    "dry": 5,
    "humid": 5,
    "semi_arid": 5,
    "snow": 5
  },
  "basins": [
    {
      "gauge_id": "07301500",
      "tier": "dry",
      "aridity": 1.7941,
      "frac_snow": 0.0694,
      "n_days": 12784,
      "p_mean_synth": 1.666863266583229,
      "q_mean_synth_clean": 0.4433927468975703,
      "q_mean_synth_noisy": 0.44341519238321153,
      "runoff_ratio_synth": 0.26600427028813584,
      "et_mean_synth": 1.23312026914316,
      "swe_max": 44.949999999999996,
      "sm_mean": 206.20876026646923,
      "params": {
        "tt": 0.0,
        "cfmax": 2.2776,
        "sfcf": 1.0,
        "cwh": 0.1,
        "cfr": 0.05,
        "fc": 600.0,
        "lp": 0.7,
        "beta": 1.2922517517216008,
        "perc": 1.5,
        "uzl": 50.0,
        "k0": 0.3,
        "k1": 0.1,
        "k2": 0.08,
        "maxbas": 2.0
      },
      "csv": "experiments/exp005/data/synthetic_basins/c0/07301500.csv"
    },
    {
      "gauge_id": "06847900",
      "tier": "dry",
      "aridity": 2.098,
      "frac_snow": 0.1024,
      "n_days": 12784,
      "p_mean_synth": 1.5130358260325407,
      "q_mean_synth_clean": 0.4011567975381085,
      "q_mean_synth_noisy": 0.40207484940099275,
      "runoff_ratio_synth": 0.26513370710462003,
      "et_mean_synth": 1.119373919177403,
      "swe_max": 129.62617920000002,
      "sm_mean": 214.70828111301978,
      "params": {
        "tt": 0.0,
        "cfmax": 2.4096,
        "sfcf": 1.0,
        "cwh": 0.1,
        "cfr": 0.05,
        "fc": 600.0,
        "lp": 0.7,
        "beta": 1.3704922549870526,
        "perc": 1.5,
        "uzl": 50.0,
        "k0": 0.3,
        "k1": 0.1,
        "k2": 0.08,
        "maxbas": 2.0
      },
      "csv": "experiments/exp005/data/synthetic_basins/c0/06847900.csv"
    },
    {
      "gauge_id": "09497980",
      "tier": "dry",
      "aridity": 2.1533,
      "frac_snow": 0.0797,
      "n_days": 12784,
      "p_mean_synth": 1.667723717146433,
      "q_mean_synth_clean": 0.6329298709068443,
      "q_mean_synth_noisy": 0.6344894321139695,
      "runoff_ratio_synth": 0.3795172212276396,
      "et_mean_synth": 1.0349144194333089,
      "swe_max": 96.19,
      "sm_mean": 77.96521158472314,
      "params": {
        "tt": 0.0,
        "cfmax": 2.3188,
        "sfcf": 1.0,
        "cwh": 0.1,
        "cfr": 0.05,
        "fc": 193.07279994794425,
        "lp": 0.7,
        "beta": 1.3835007745652126,
        "perc": 1.5,
        "uzl": 50.0,
        "k0": 0.3,
        "k1": 0.1,
        "k2": 0.08,
        "maxbas": 2.0
      },
      "csv": "experiments/exp005/data/synthetic_basins/c0/09497980.csv"
    },
    {
      "gauge_id": "08082700",
      "tier": "dry",
      "aridity": 1.9986,
      "frac_snow": 0.0128,
      "n_days": 12784,
      "p_mean_synth": 1.7834324155193995,
      "q_mean_synth_clean": 0.4274961462546154,
      "q_mean_synth_noisy": 0.4273758386823073,
      "runoff_ratio_synth": 0.2397041472020756,
      "et_mean_synth": 1.3635518184673894,
      "swe_max": 23.009999999999998,
      "sm_mean": 197.81797081286695,
      "params": {
        "tt": 0.0,
        "cfmax": 2.0512,
        "sfcf": 1.0,
        "cwh": 0.1,
        "cfr": 0.05,
        "fc": 600.0,
        "lp": 0.7,
        "beta": 1.346223467722776,
        "perc": 1.5,
        "uzl": 50.0,
        "k0": 0.3,
        "k1": 0.1,
        "k2": 0.08,
        "maxbas": 2.0
      },
      "csv": "experiments/exp005/data/synthetic_basins/c0/08082700.csv"
    },
    {
      "gauge_id": "06360500",
      "tier": "dry",
      "aridity": 1.9199,
      "frac_snow": 0.152,
      "n_days": 12784,
      "p_mean_synth": 1.193872809762203,
      "q_mean_synth_clean": 0.3076108712362662,
      "q_mean_synth_noisy": 0.3081189686379491,
      "runoff_ratio_synth": 0.2576579923095296,
      "et_mean_synth": 0.8909149994643566,
      "swe_max": 89.97920640000004,
      "sm_mean": 199.13399150339228,
      "params": {
        "tt": 0.0,
        "cfmax": 2.608,
        "sfcf": 1.0,
        "cwh": 0.1,
        "cfr": 0.05,
        "fc": 600.0,
        "lp": 0.7,
        "beta": 1.3261365506749865,
        "perc": 1.5,
        "uzl": 50.0,
        "k0": 0.3,
        "k1": 0.1,
        "k2": 0.08,
        "maxbas": 2.0
      },
      "csv": "experiments/exp005/data/synthetic_basins/c0/06360500.csv"
    },
    {
      "gauge_id": "03471500",
      "tier": "humid",
      "aridity": 0.763,
      "frac_snow": 0.0839,
      "n_days": 12784,
      "p_mean_synth": 3.369928035043805,
      "q_mean_synth_clean": 1.9467728648951943,
      "q_mean_synth_noisy": 1.946468479345069,
      "runoff_ratio_synth": 0.5776897443063316,
      "et_mean_synth": 1.4164074169693264,
      "swe_max": 108.40063739999998,
      "sm_mean": 104.67905210173062,
      "params": {
        "tt": 0.0,
        "cfmax": 2.3356,
        "sfcf": 1.0,
        "cwh": 0.1,
        "cfr": 0.05,
        "fc": 183.53246726565283,
        "lp": 0.7,
        "beta": 1.0,
        "perc": 1.5,
        "uzl": 50.0,
        "k0": 0.3,
        "k1": 0.1,
        "k2": 0.03,
        "maxbas": 2.0
      },
      "csv": "experiments/exp005/data/synthetic_basins/c0/03471500.csv"
    },
    {
      "gauge_id": "03364500",
      "tier": "humid",
      "aridity": 0.7585,
      "frac_snow": 0.0804,
      "n_days": 12784,
      "p_mean_synth": 3.2420001564455565,
      "q_mean_synth_clean": 1.7025736574497548,
      "q_mean_synth_noisy": 1.701906785166981,
      "runoff_ratio_synth": 0.5251614976220148,
      "et_mean_synth": 1.534173083301868,
      "swe_max": 93.78071783719997,
      "sm_mean": 309.55134132885627,
      "params": {
        "tt": 0.0,
        "cfmax": 2.3216,
        "sfcf": 1.0,
        "cwh": 0.1,
        "cfr": 0.05,
        "fc": 600.0,
        "lp": 0.7,
        "beta": 1.0,
        "perc": 1.5,
        "uzl": 50.0,
        "k0": 0.3,
        "k1": 0.1,
        "k2": 0.03,
        "maxbas": 2.0
      },
      "csv": "experiments/exp005/data/synthetic_basins/c0/03364500.csv"
    },
    {
      "gauge_id": "01586610",
      "tier": "humid",
      "aridity": 0.7698,
      "frac_snow": 0.0884,
      "n_days": 12784,
      "p_mean_synth": 3.2694508760951186,
      "q_mean_synth_clean": 1.7890770353065801,
      "q_mean_synth_noisy": 1.7871572170511334,
      "runoff_ratio_synth": 0.5472102512344126,
      "et_mean_synth": 1.4746472159210682,
      "swe_max": 161.86584092000004,
      "sm_mean": 100.29209125231272,
      "params": {
        "tt": 0.0,
        "cfmax": 2.3536,
        "sfcf": 1.0,
        "cwh": 0.1,
        "cfr": 0.05,
        "fc": 185.3670060511985,
        "lp": 0.7,
        "beta": 1.0,
        "perc": 1.5,
        "uzl": 50.0,
        "k0": 0.3,
        "k1": 0.1,
        "k2": 0.03,
        "maxbas": 2.0
      },
      "csv": "experiments/exp005/data/synthetic_basins/c0/01586610.csv"
    },
    {
      "gauge_id": "02028500",
      "tier": "humid",
      "aridity": 0.7807,
      "frac_snow": 0.0803,
      "n_days": 12784,
      "p_mean_synth": 3.3582884856070088,
      "q_mean_synth_clean": 1.845715914592273,
      "q_mean_synth_noisy": 1.8460192914942994,
      "runoff_ratio_synth": 0.5496001676159339,
      "et_mean_synth": 1.507497034731639,
      "swe_max": 108.98,
      "sm_mean": 98.02572544378616,
      "params": {
        "tt": 0.0,
        "cfmax": 2.3212,
        "sfcf": 1.0,
        "cwh": 0.1,
        "cfr": 0.05,
        "fc": 180.40091735301553,
        "lp": 0.7,
        "beta": 1.0,
        "perc": 1.5,
        "uzl": 50.0,
        "k0": 0.3,
        "k1": 0.1,
        "k2": 0.03,
        "maxbas": 2.0
      },
      "csv": "experiments/exp005/data/synthetic_basins/c0/02028500.csv"
    },
    {
      "gauge_id": "01583500",
      "tier": "humid",
      "aridity": 0.7826,
      "frac_snow": 0.0807,
      "n_days": 12784,
      "p_mean_synth": 3.2516841364205256,
      "q_mean_synth_clean": 1.757796492334889,
      "q_mean_synth_noisy": 1.7576553175931129,