{
  "experiment": "exp_global_cqr",
  "method": "vanilla global residual-CQR (single pooled Q_hat_global)",
  "seed": 137,
  "alpha": 0.1,
  "n_basins_analyzed": 671,
  "n_tiers_reported": 4,
  "Q_hat_global": -0.00019466628697971402,
  "overall": {
    "mean_coverage": 0.892911494374615,
    "mean_pi_width": 1.9956884503059662,
    "mean_winkler_score": 3.2963615908096258,
    "tier_coverage_spread_pp": 4.698854571687638
  },
  "per_tier": [
    {
      "seed": 137,
      "tier": "dry",
      "n_basins": 92,
      "mean_coverage": 0.9234620869912815,
      "median_coverage": 0.939761392528848,
      "std_coverage": 0.061991931662092666,
      "mean_pi_width": 0.311817320204308,
      "median_pi_width": 0.2613670545207576,
      "mean_winkler_score": 0.8869210272644896,
      "Q_hat_global": -0.00019466628697971402
    },
    {
      "seed": 137,
      "tier": "semi_arid",
      "n_basins": 77,
      "mean_coverage": 0.8764735412744051,
      "median_coverage": 0.8828476432622726,
      "std_coverage": 0.07799850976737623,
      "mean_pi_width": 0.8289843548303765,
      "median_pi_width": 0.7138858296128331,
      "mean_winkler_score": 1.8978187891865885,
      "Q_hat_global": -0.00019466628697971402
    },
    {
      "seed": 137,
      "tier": "humid",
      "n_basins": 407,
      "mean_coverage": 0.8856947019638137,
      "median_coverage": 0.9135536866810092,
      "std_coverage": 0.09739385362372598,
      "mean_pi_width": 2.5865503910170426,
      "median_pi_width": 1.975426638208715,
      "mean_winkler_score": 4.204137073961674,
      "Q_hat_global": -0.00019466628697971402
    },
    {
      "seed": 137,
      "tier": "snow",
      "n_basins": 95,
      "mean_coverage": 0.9075673088922879,
      "median_coverage": 0.9469978486211618,
      "std_coverage": 0.11301749186969805,
      "mean_pi_width": 2.040652128743492,
      "median_pi_width": 1.6858268008219064,
      "mean_winkler_score": 2.8741690216332327,
      "Q_hat_global": -0.00019466628697971402
    }
  ],
  "success_criteria": {
    "S1_single_global_qhat": true,
    "S2_all_tiers_reported": true
  }
}