{
  "alpha": 0.1,
  "marginal_coverage_observed": 0.9342,
  "marginal_coverage_target": 0.9,
  "over_shoot_pp": 3.42,
  "candidate_root_causes": [
    {
      "name": "Cal\u2192test residual distribution shift (D1)",
      "mechanism": "If test |residual| 90th percentile < cal 90th percentile, the cal-calibrated quantile is conservative on test \u2192 over-cover.",
      "evidence_per_tier": [
        {
          "tier": "dry",
          "n_basins": 82,
          "cal_n_pts": 299546,
          "tst_n_pts": 419266,
          "cal_q90_abs_resid": 0.21467739343643188,
          "tst_q90_abs_resid": 0.1727953553199768,
          "shift_q90_abs_resid": -0.04188203811645508,
          "cal_q90_log_score": 1.7834460139274597,
          "tst_q90_log_score": 1.9103163480758667,
          "shift_q90_log_score": 0.12687033414840698,
          "ks_pvalue_abs_resid": 2.617044722198604e-233,
          "ks_stat_abs_resid": 0.039165957373481386,
          "ks_pvalue_log_score": 7.498305980892138e-268,
          "ks_stat_log_score": 0.04196925243471883,
          "direction": "tst >= cal (potential under-cover on test)"
        },
        {
          "tier": "semi_arid",
          "n_basins": 70,
          "cal_n_pts": 255710,
          "tst_n_pts": 357910,
          "cal_q90_abs_resid": 0.5693676114082337,
          "tst_q90_abs_resid": 0.5166437149047851,
          "shift_q90_abs_resid": -0.05272389650344855,
          "cal_q90_log_score": 1.5132644653320313,
          "tst_q90_log_score": 1.6940386295318606,
          "shift_q90_log_score": 0.18077416419982928,
          "ks_pvalue_abs_resid": 5.2139494381847596e-17,
          "ks_stat_abs_resid": 0.011312935839002614,
          "ks_pvalue_log_score": 0.0,
          "ks_stat_log_score": 0.05729027287819921,
          "direction": "tst >= cal (potential under-cover on test)"
        },
        {
          "tier": "humid",
          "n_basins": 339,
          "cal_n_pts": 1238367,
          "tst_n_pts": 1733307,
          "cal_q90_abs_resid": 1.3869365692138678,
          "tst_q90_abs_resid": 1.45847806930542,
          "shift_q90_abs_resid": 0.07154150009155225,
          "cal_q90_log_score": 1.0731213808059699,
          "tst_q90_log_score": 1.1684468984603882,
          "shift_q90_log_score": 0.09532551765441832,
          "ks_pvalue_abs_resid": 2.0726386946805642e-241,
          "ks_stat_abs_resid": 0.019597560361407473,
          "ks_pvalue_log_score": 0.0,
          "ks_stat_log_score": 0.03671193437359199,
          "direction": "tst >= cal (potential under-cover on test)"
        },
        {
          "tier": "snow",
          "n_basins": 83,
          "cal_n_pts": 303199,
          "tst_n_pts": 424379,
          "cal_q90_abs_resid": 1.325793743133545,
          "tst_q90_abs_resid": 1.3177457809448243,
          "shift_q90_abs_resid": -0.008047962188720614,
          "cal_q90_log_score": 0.8732167243957522,
          "tst_q90_log_score": 0.9457193851470947,
          "shift_q90_log_score": 0.0725026607513426,
          "ks_pvalue_abs_resid": 8.241224111521019e-26,
          "ks_stat_abs_resid": 0.012854077481438075,
          "ks_pvalue_log_score": 1.2882369849521364e-147,
          "ks_stat_log_score": 0.03095088161369519,
          "direction": "tst >= cal (potential under-cover on test)"
        }
      ],
      "conclusion": "tst >= cal (test residuals heavier than cal) \u2192 expected under-cover, but observe over-cover \u2192 DIFFERENT mechanism"
    },
    {
      "name": "Hopfield retrieval averaging effect (D2)",
      "mechanism": "Hopfield head outputs softmax-weighted average of memory residuals; for asymmetric/heavy-tailed residual distributions, this averaging is conservative vs the target quantile.",
      "evidence_per_tier": [
        {
          "tier": "dry",
          "cal_q90_abs_resid_mm_d": 0.21467739343643188,
          "hopcpt_mean_pi_width_mm_d": 0.4999838603035447,
          "hopcpt_implied_half_width_mm_d": 0.24999193015177235,
          "ratio_implied_tau_to_cal_q90": 1.1645004914120007
        },
        {
          "tier": "semi_arid",
          "cal_q90_abs_resid_mm_d": 0.5693676114082337,
          "hopcpt_mean_pi_width_mm_d": 1.14364843681117,
          "hopcpt_implied_half_width_mm_d": 0.571824218405585,
          "ratio_implied_tau_to_cal_q90": 1.00431462371257
        },
        {
          "tier": "humid",
          "cal_q90_abs_resid_mm_d": 1.3869365692138678,
          "hopcpt_mean_pi_width_mm_d": 2.319382206984673,
          "hopcpt_implied_half_width_mm_d": 1.1596911034923365,
          "ratio_implied_tau_to_cal_q90": 0.8361529497701998
        },
        {
          "tier": "snow",
          "cal_q90_abs_resid_mm_d": 1.325793743133545,
          "hopcpt_mean_pi_width_mm_d": 1.6229888343995085,
          "hopcpt_implied_half_width_mm_d": 0.8114944171997542,
          "ratio_implied_tau_to_cal_q90": 0.6120819481933653
        }
      ],
      "conclusion": "ratio < 1 means HopCPT half-width narrower than cal q90 |residual|; ratio > 1 means HopCPT inflates beyond cal empirical quantile."
    },
    {
      "name": "Per-basin coverage distribution (D3)",
      "mechanism": "If over-cover is concentrated in a few basins with extreme coverage, the marginal mean is biased; if uniformly above 0.90, the calibration is systematically biased.",
      "evidence_per_tier": [
        {
          "tier": "dry",
          "n_basins": 82,
          "median_coverage": 0.9458243692548406,
          "p05_coverage": 0.8685996479561902,
          "p95_coverage": 0.9782026207705846,
          "frac_over_0.92": 0.7560975609756098,
          "frac_in_0.88_0.92": 0.14634146341463414,
          "frac_under_0.88": 0.0975609756097561
        },
        {
          "tier": "semi_arid",
          "n_basins": 70,
          "median_coverage": 0.9504204967729317,
          "p05_coverage": 0.8990514375122238,
          "p95_coverage": 0.9789947193428516,
          "frac_over_0.92": 0.8857142857142857,
          "frac_in_0.88_0.92": 0.1,
          "frac_under_0.88": 0.014285714285714285
        },
        {
          "tier": "humid",
          "n_basins": 339,
          "median_coverage": 0.9389790729513006,
          "p05_coverage": 0.8921572462350871,
          "p95_coverage": 0.9649911989047526,
          "frac_over_0.92": 0.7551622418879056,
          "frac_in_0.88_0.92": 0.20943952802359883,
          "frac_under_0.88": 0.035398230088495575
        },
        {
          "tier": "snow",
          "n_basins": 83,
          "median_coverage": 0.9202034030901624,
          "p05_coverage": 0.8601212595345198,
          "p95_coverage": 0.9692352826129473,
          "frac_over_0.92": 0.5180722891566265,
          "frac_in_0.88_0.92": 0.39759036144578314,
          "frac_under_0.88": 0.08433734939759036
        }
      ],
      "conclusion": "frac_over_0.92 quantifies systematic bias; high values (>50%) indicate global calibration bias, not heavy-tail outliers."
    },
    {
      "name": "Configuration-induced bias (eps_mem_size, calib_as_calib)",
      "mechanism": "eps_mem_size=8000 with batch_mode='one_ts' = per-basin memory of ~3650 cal days each, no truncation. calib_as_calib=True = validation period (1990-2000) used as cal \u2014 verified in execution-log ELOG-003.",
      "conclusion": "No config bug detected; eps_mem_size sufficient for cal residuals."
    },
    {
      "name": "Single-seed bias (P1-2)",
      "mechanism": "exp010 trained 1 seed (42); HopCPT training stochasticity unknown.",
      "conclusion": "Cannot decompose deterministic vs stochastic over-shoot until +2 seeds (Action 6)."
    }
  ],
  "primary_attribution": "Combination of (a) Hopfield retrieval-averaging conservativeness over the cal residual memory and (b) potential cal\u2192test distribution shift in residuals. The per-tier sign pattern (dry/semi most over-cover, snow least) is consistent with cal-trained tau being most conservative for low-flow regimes where residuals are bounded below by 0.",