{
  "experiment": "exp_CQR_GB",
  "alpha": 0.1,
  "dataset": "CAMELS-GB native exp004 seed=42, 50 basins",
  "methods": [
    "Global_CQR",
    "Mondrian_CQR"
  ],
  "n_basins": 50,
  "marginal": [
    {
      "method": "Global_CQR",
      "n_basins": 50,
      "marginal_coverage": 0.8787350647602912,
      "marginal_width": 1.7606135449788125,
      "marginal_winkler": 2.644284502817435,
      "marginal_crps": 0.32483477603848904,
      "spread_pp": 12.630919006123897,
      "pit_ks_stat_marginal": 0.1909962252165891,
      "pit_ks_pvalue_marginal": 0.0,
      "reliability_dev_marginal": 0.13260860031138297
    },
    {
      "method": "Mondrian_CQR",
      "n_basins": 50,
      "marginal_coverage": 0.8773918686783359,
      "marginal_width": 1.6950631396612388,
      "marginal_winkler": 2.565529522333059,
      "marginal_crps": 0.3211058714223236,
      "spread_pp": 5.919822719400159,
      "pit_ks_stat_marginal": 0.1915408281979687,
      "pit_ks_pvalue_marginal": 0.0,
      "reliability_dev_marginal": 0.1375161721816547
    }
  ],
  "per_tier": [
    {
      "method": "Global_CQR",
      "tier": "gb_drier_q4",
      "n_basins": 12,
      "mean_coverage": 0.7973556907054054,
      "std_coverage": 0.11829139596406707,
      "mean_pi_width": 0.5075194569731077,
      "mean_winkler": 1.083279839832051,
      "mean_crps": 0.11825624808282847,
      "pit_ks_stat": 0.18852293404785692,
      "pit_ks_pvalue": 0.0,
      "reliability_dev_mean": 0.16035143769968047,
      "pit_n_points": 21910,
      "Q_hat": -0.0016627657328439646
    },
    {
      "method": "Global_CQR",
      "tier": "gb_mid",
      "n_basins": 12,
      "mean_coverage": 0.9012413289521725,
      "std_coverage": 0.07862417496501761,
      "mean_pi_width": 0.909018846615233,
      "mean_winkler": 1.2727902767394939,
      "mean_crps": 0.16031021537209414,
      "pit_ks_stat": 0.19226183465438473,
      "pit_ks_pvalue": 0.0,
      "reliability_dev_mean": 0.12679810149689666,
      "pit_n_points": 21912,
      "Q_hat": -0.0016627657328439646
    },
    {
      "method": "Global_CQR",
      "tier": "gb_wet",
      "n_basins": 21,
      "mean_coverage": 0.9236648807666443,
      "std_coverage": 0.043567574305249095,
      "mean_pi_width": 2.75788215295457,
      "mean_winkler": 3.6845915267323863,
      "mean_crps": 0.4663061450788854,
      "pit_ks_stat": 0.1914938855717978,
      "pit_ks_pvalue": 0.0,
      "reliability_dev_mean": 0.11305536675903169,
      "pit_n_points": 38254,
      "Q_hat": -0.0016627657328439646
    },
    {
      "method": "Global_CQR",
      "tier": "gb_montane",
      "n_basins": 5,
      "mean_coverage": 0.8313253012048193,
      "std_coverage": 0.08853238626790375,
      "mean_pi_width": 2.623338478766912,
      "mean_winkler": 5.312992336126616,
      "mean_crps": 0.6213024387617571,
      "pit_ks_stat": 0.23836862567633021,
      "pit_ks_pvalue": 0.0,
      "reliability_dev_mean": 0.1810733844468784,
      "pit_n_points": 9130,
      "Q_hat": -0.0016627657328439646
    },
    {
      "method": "Mondrian_CQR",
      "tier": "gb_drier_q4",
      "n_basins": 12,
      "mean_coverage": 0.838458999474773,
      "std_coverage": 0.08705848677218603,
      "mean_pi_width": 0.555658204298262,
      "mean_winkler": 1.0385242542835351,
      "mean_crps": 0.1168723700187429,
      "pit_ks_stat": 0.21837523702046857,
      "pit_ks_pvalue": 0.0,
      "reliability_dev_mean": 0.1706800547695116,
      "pit_n_points": 21910,
      "Q_hat": 0.0006145920700548096
    },
    {
      "method": "Mondrian_CQR",
      "tier": "gb_mid",
      "n_basins": 12,
      "mean_coverage": 0.878103322380431,
      "std_coverage": 0.07386455821256795,
      "mean_pi_width": 0.7910201215374971,
      "mean_winkler": 1.2744122731120087,
      "mean_crps": 0.15561381456298368,
      "pit_ks_stat": 0.16965327780041384,
      "pit_ks_pvalue": 0.0,
      "reliability_dev_mean": 0.12714494341000362,
      "pit_n_points": 21912,
      "Q_hat": 0.001553223901507684
    },
    {
      "method": "Mondrian_CQR",
      "tier": "gb_wet",
      "n_basins": 21,
      "mean_coverage": 0.8976572266687746,
      "std_coverage": 0.04365996441241143,
      "mean_pi_width": 2.487699282128035,
      "mean_winkler": 3.640701219245749,
      "mean_crps": 0.457325312593754,
      "pit_ks_stat": 0.17862162438610818,
      "pit_ks_pvalue": 0.0,
      "reliability_dev_mean": 0.11494484236942541,
      "pit_n_points": 38254,
      "Q_hat": 0.003888916156393915
    },
    {
      "method": "Mondrian_CQR",
      "tier": "gb_montane",
      "n_basins": 5,
      "mean_coverage": 0.8840087623220153,
      "std_coverage": 0.05246743274882061,
      "mean_pi_width": 3.270266429668818,
      "mean_winkler": 4.81330243674914,
      "mean_crps": 0.6363255583333256,
      "pit_ks_stat": 0.2564597113590719,
      "pit_ks_pvalue": 0.0,
      "reliability_dev_mean": 0.17739320920043805,
      "pit_n_points": 9130,
      "Q_hat": 0.0021339455360689322
    }
  ],
  "scope_note": "Bounded D-050 repair; no HopCPT-GB or exp012 executed."
}