{
  "c0": {
    "n_basins": 20,
    "nse_mean": 0.9303469937294722,
    "nse_median": 0.943299351260066,
    "ar1_mean": 0.8179356604814529,
    "ar1_median": 0.8038003742694855,
    "het_mean": 0.28120494115319905,
    "hscc_coverage_mean": 0.8926085256159562,
    "hscc_coverage_per_tier": {
      "dry": 0.8818146265154478,
      "semi_arid": 0.909972624168948,
      "humid": 0.909581540868205,
      "snow": 0.8690653109112241
    },
    "hscc_mean_width_log_mean": 1.5668322622776032
  },
  "c3": {
    "n_basins": 20,
    "nse_mean": 0.8930996858514846,
    "nse_median": 0.9424031116068363,
    "ar1_mean": 0.8236085712909699,
    "ar1_median": 0.8152627348899841,
    "het_mean": 0.2934367349989627,
    "hscc_coverage_mean": 0.895913179507235,
    "hscc_coverage_per_tier": {
      "dry": 0.8808760265936645,
      "semi_arid": 0.9128666405944467,
      "humid": 0.9138052405162298,
      "snow": 0.876104810324599
    },
    "hscc_mean_width_log_mean": 1.6596474826335907
  }
}