{
  "alpha": 0.1,
  "target_coverage": 0.9,
  "n_samples_per_step": 100,
  "epoch": 1,
  "period": "test",
  "per_tier": {
    "humid": {
      "n_basins": 5,
      "n_timesteps": 25565,
      "coverage": 0.8734598083317034,
      "mean_width": 5.145137751730084,
      "median_width": 4.880539965629574,
      "coverage_deviation_pp": 2.6540191668296576,
      "mean_basin_nse": 0.10103682279586793
    }
  },
  "overall": {
    "coverage": 0.8734598083317034,
    "mean_width": 5.145137751730084,
    "mean_basin_nse": 0.10103682279586793,
    "tier_coverage_spread_pp": 0.0
  }
}