{
  "n_bootstrap": 1000,
  "n_seeds": 3,
  "per_tier_ci": {
    "gb_drier_q4": {
      "n_basin_samples": 3,
      "hscc_cov_ci95": [
        0.8799732922919751,
        0.8909725825150683
      ],
      "hscc_cov_mean": 0.8866994667098752,
      "global_cov_ci95": [
        0.8179005895992261,
        0.8293611547465779
      ],
      "global_cov_mean": 0.8235576436360806
    },
    "gb_mid": {
      "n_basin_samples": 3,
      "hscc_cov_ci95": [
        0.8801569916027748,
        0.8976359985396128
      ],
      "hscc_cov_mean": 0.8898682457101131,
      "global_cov_ci95": [
        0.8983205549470609,
        0.9298101496896676
      ],
      "global_cov_mean": 0.9157912559328222
    },
    "gb_wet": {
      "n_basin_samples": 3,
      "hscc_cov_ci95": [
        0.9005302054245231,
        0.9038218212354204
      ],
      "hscc_cov_mean": 0.9017584349290692,
      "global_cov_ci95": [
        0.9316231356920065,
        0.9379781592855342
      ],
      "global_cov_mean": 0.9341864845803021
    },
    "gb_montane": {
      "n_basin_samples": 3,
      "hscc_cov_ci95": [
        0.8974808324205915,
        0.906681270536692
      ],
      "hscc_cov_mean": 0.9027316903979554,
      "global_cov_ci95": [
        0.8201533406352682,
        0.8249726177437019
      ],
      "global_cov_mean": 0.8218374589266154
    }
  }
}