{
  "n_seeds": 3,
  "seeds": [
    42,
    137,
    2024
  ],
  "spread_global_pp": {
    "values": [
      11.26729118724783,
      11.372254609278032,
      11.300554154183217
    ],
    "mean": 11.313366650236361,
    "std": 0.05364186827848601
  },
  "spread_hscc_pp": {
    "values": [
      1.570868802162384,
      2.396975261492529,
      2.366482963264549
    ],
    "mean": 2.1114423423064874,
    "std": 0.46839861153802786
  },
  "spread_reduction_pp": {
    "values": [
      9.696422385085446,
      8.975279347785504,
      8.934071190918669
    ],
    "mean": 9.201924307929874,
    "std": 0.4287432673302403
  },
  "nse_overall": {
    "values": [
      0.8571873831673569,
      0.857946323809613,
      0.8563606849561134
    ],
    "mean": 0.8571647973110278,
    "std": 0.0007930606749243558
  },
  "frame_decision_d_023": "partial-strong",
  "pcr_004_tier_renames": {
    "gb_arid": "gb_drier_q4",
    "gb_snow_inf": "gb_montane"
  }
}